{
  "rf": {
    "best_score_cv": 1.0,
    "test_metrics": {
      "accuracy": 0.9995722840034217,
      "precision": 1.0,
      "recall": 0.9991503823279524,
      "f1": 0.9995750106247344
    },
    "best_params": {
      "n_estimators": 300,
      "min_samples_split": 5,
      "min_samples_leaf": 4,
      "max_depth": 5
    }
  },
  "xgb": {
    "best_score_cv": 0.9988268941009238,
    "test_metrics": {
      "accuracy": 0.9991445680068435,
      "precision": 0.9991503823279524,
      "recall": 0.9991503823279524,
      "f1": 0.9991503823279524
    },
    "best_params": {
      "subsample": 1.0,
      "n_estimators": 100,
      "max_depth": 3,
      "learning_rate": 0.2
    }
  }
}