{
    "lr": {
        "accuracy": 0.5185185185185185,
        "precision": 0.5714285714285714,
        "recall": 0.4383561643835616,
        "auc": 0.547862350861688
    },
    "knn": {
        "accuracy": 0.5222222222222223,
        "precision": 0.5714285714285714,
        "recall": 0.4657534246575342,
        "auc": 0.5637428192664604
    },
    "rf": {
        "accuracy": 0.5777777777777777,
        "precision": 0.6311475409836066,
        "recall": 0.5273972602739726,
        "auc": 0.6130413168360583
    },
    "dt": {
        "accuracy": 0.5518518518518518,
        "precision": 0.5984251968503937,
        "recall": 0.5205479452054794,
        "auc": 0.5586610693769332
    },
    "gb": {
        "accuracy": 0.5407407407407407,
        "precision": 0.5887096774193549,
        "recall": 0.5,
        "auc": 0.5890134776844896
    }
}