{
  "cv_best_score": 0.9988268941009238,
  "test_metrics": {
    "accuracy": 0.9991445680068435,
    "precision": 0.9991503823279524,
    "recall": 0.9991503823279524,
    "f1": 0.9991503823279524
  },
  "best_params": {
    "subsample": 1.0,
    "n_estimators": 100,
    "max_depth": 3,
    "learning_rate": 0.2
  }
}